BARCODE_ID,BARCODE,ID
index_8nt_2,aacgccaa,FRALAT_WA_WIN_1_F
index_10nt_2,ccagaaccaa,FRALAT_OR_EVR_2_F
index_8nt_3,cggtccaa,FRALAT_OR_EVR_18_M
index_9nt_3,aggtaccaa,FRALAT_OR_EVR_26_M
index_10nt_3,aggtaaccaa,FRALAT_WA_RON_1_M
index_8nt_4,ctcagcaa,FRALAT_WA_CAR_1_F
index_9nt_4,tgaagccaa,FRALAT_WA_MIL_3_F
index_8nt_5,agacgcaa,FRALAT_WA_MIL_11_F
index_9nt_5,aaccgccaa,FRALAT_WA_MIL_4_M
index_10nt_5,tcgcgaccaa,FRALAT_WA_CLA_5_F
index_8nt_6,tctggcaa,FRALAT_WA_BPR_1_M
index_9nt_6,gttggccaa,FRALAT_WA_BGR_4_M
index_10nt_6,atcggaccaa,FRALAT_WA_WIN_2_F
index_8nt_7,tagatcaa,FRALAT_OR_EVR_3_F
index_9nt_7,ctgatccaa,FRALAT_OR_EVR_19_M
index_10nt_7,cattgaccaa,FRALAT_OR_EVR_15_M
index_8nt_8,gttctcaa,FRALAT_WA_FAL_1_F
index_9nt_8,tctctccaa,FRALAT_WA_CAR_2_F
index_10nt_8,ctgataccaa,FRALAT_WA_MIL_4_F
index_9nt_9,aataagcaa,FRALAT_WA_MIL_12_F
index_10nt_9,accaagccaa,FRALAT_WA_MIL_16_F
index_8nt_10,cagcagaa,FRALAT_WA_CLA_6_F
index_9nt_10,cgccagcaa,FRALAT_WA_BPR_2_M
index_10nt_10,cgtcagccaa,FRALAT_WA_PAC_1_F
index_8nt_11,tgagagaa,FRALAT_WA_WIN_3_F
index_9nt_11,tcggagcaa,FRALAT_OR_EVR_8_F
index_10nt_11,taggagccaa,FRALAT_OR_EVR_20_M
index_8nt_12,gtctcgaa,FRALAT_OR_EVR_14_M
index_9nt_12,gtatagcaa,FRALAT_WA_FAL_2_F
index_10nt_12,gtatagccaa,FRALAT_WA_CAR_1_M
index_8nt_13,ggtaggaa,FRALAT_WA_MIL_5_F
index_9nt_13,ccaacgcaa,FRALAT_WA_MIL_1_M
index_10nt_13,gatacgccaa,FRALAT_WA_MIL_17_F
index_8nt_14,ccatggaa,FRALAT_WA_CLA_7_F
index_9nt_14,gagccgcaa,FRALAT_WA_BPR_3_M
index_10nt_16,tcttatccaa,FRALAT_WA_PAC_2_F
index_8nt_15,ggccataa,FRALAT_WA_WIN_1_M
index_9nt_15,atcgcgcaa,FRALAT_OR_EVR_9_NA
index_10nt_17,ttaactccaa,FRALAT_OR_EVR_21_M
index_8nt_16,atggataa,FRALAT_OR_EVR_13_M
index_9nt_16,tacttgcaa,FRALAT_WA_FAL_3_F
index_10nt_18,gccgctccaa,FRALAT_WA_CAR_2_M
index_8nt_17,catactaa,FRALAT_WA_MIL_6_F
index_9nt_17,ccttatcaa,FRALAT_WA_MIL_2_M
index_10nt_23,tgcgaagcaa,FRALAT_WA_MIL_18_F
index_8nt_18,ttacctaa,FRALAT_WA_CLA_1_M
index_9nt_18,ggtactcaa,FRALAT_WA_BPR_4_M
index_10nt_24,taaccagcaa,FRALAT_WA_PAC_3_F
index_8nt_19,gaaggtaa,FRALAT_WA_WIN_2_M
index_9nt_19,ttacctcaa,FRALAT_OR_EVR_11_F
index_10nt_25,cttgcagcaa,FRALAT_OR_EVR_22_M
index_9nt_20,acgagtcaa,FRALAT_OR_DGR_1_NA
index_10nt_31,agaaccgcaa,FRALAT_WA_FAL_1_M
index_8nt_21,gtcgacca,FRALAT_WA_CAR_3_M
index_9nt_21,gcagttcaa,FRALAT_WA_MIL_7_F
index_10nt_37,agcctggcaa,FRALAT_WA_MIL_13_F
index_8nt_22,aattacca,FRALAT_WA_CLA_1_F
index_10nt_38,ggtaatgcaa,FRALAT_WA_CLA_2_M
index_8nt_23,ataatcca,FRALAT_WA_BGR_1_F
index_9nt_23,tgagaagaa,FRALAT_WA_PAC_4_F
index_10nt_41,ggtccatcaa,FRALAT_WA_WIN_3_M
index_8nt_24,cgcctcca,FRALAT_OR_EVR_12_NA
index_9nt_24,aggccagaa,FRALAT_OR_EVR_23_M
index_10nt_43,tccatatcaa,FRALAT_WA_RON_1_F
index_8nt_25,cgaacgca,FRALAT_WA_FAL_2_M
index_9nt_25,catgcagaa,FRALAT_WA_CAR_4_M
index_10nt_47,ttacgctcaa,FRALAT_WA_MIL_8_F
index_8nt_26,acgccgca,FRALAT_WA_MIL_14_F
index_9nt_26,gcatcagaa,FRALAT_WA_CLA_2_F
index_8nt_27,gatgcgca,FRALAT_WA_CLA_3_M
index_9nt_27,ataagagaa,FRALAT_WA_BGR_1_M
index_10nt_56,gacgcaagaa,FRALAT_WA_PAC_1_M
index_8nt_28,gtacggca,FRALAT_WA_WIN_4_M
index_9nt_28,cgctgagaa,FRALAT_OR_EVR_16_M
index_10nt_57,ccgtcaagaa,FRALAT_OR_EVR_24_F
index_8nt_29,cttcatca,FRALAT_WA_RON_2_F
index_9nt_29,tccatagaa,FRALAT_WA_FAL_3_M
index_10nt_58,tcaagaagaa,FRALAT_WA_MIL_1_F
index_8nt_30,gcatatca,FRALAT_WA_MIL_9_F
index_9nt_30,tagaacgaa,FRALAT_WA_MIL_15_F
index_10nt_59,ctccgaagaa,FRALAT_WA_CLA_3_F
index_8nt_31,tccgctca,FRALAT_WA_CLA_4_M
index_9nt_31,actgacgaa,FRALAT_WA_BGR_2_M
index_10nt_60,ggttgaagaa,FRALAT_WA_PAC_2_M
index_8nt_32,agcagtca,FRALAT_OR_EVR_1_F
index_9nt_32,ggcgccgaa,FRALAT_OR_EVR_17_M
index_10nt_62,ttggtaagaa,FRALAT_OR_EVR_25_F
index_8nt_33,gagcttca,FRALAT_WA_RON_3_F
index_9nt_33,ccgcgcgaa,FRALAT_WA_FAL_4_M
index_10nt_63,tggaccagaa,FRALAT_WA_MIL_2_F
index_8nt_34,gcgcaaga,FRALAT_WA_MIL_10_F
index_9nt_34,ttattcgaa,FRALAT_WA_MIL_3_M
index_10nt_104,tcctcttgaa,FRALAT_WA_CLA_4_F
index_9nt_35,ggaatggaa,FRALAT_WA_BPR_1_F
index_10nt_114,tctcgcataa,FRALAT_WA_BGR_3_M
index_8nt_36,agctaaga,FRALAT_WA_PAC_3_M
index_9nt_36,attctggaa,FRALAT_WA_PAC_4_M
index_10nt_130,aagttgctaa,FRALAT_OR_JSN_26_M
index_8nt_37,aatccaga,FRALAT_OR_JSN_8_M
index_9nt_37,agcaatgaa,FRALAT_OR_JSN_16_M
index_10nt_138,atagtcgtaa,FRALAT_OR_JWD_17_M
index_8nt_38,cctagaga,FRALAT_OR_JWD_9_F
index_9nt_38,ctggatgaa,FRALAT_OR_JWD_1_M
index_10nt_143,tgcaacttaa,FRALAT_CA_IND_7
index_8nt_39,ggaataga,FRALAT_CA_IND_15
index_9nt_39,caacttgaa,FRALAT_CA_CHI_3
index_10nt_148,aagccaacca,FRALAT_CA_CHI_11
index_8nt_40,ttcgtaga,FRALAT_CA_CHI_19
index_9nt_40,cttcaataa,FRALAT_OR_JSN_19_F
index_8nt_41,cttgccga,FRALAT_OR_JSN_2_M
index_9nt_41,aaggaataa,FRALAT_OR_JSN_9_M
index_10nt_150,cgctcaacca,FRALAT_OR_JSN_17_F
index_8nt_42,gaccgcga,FRALAT_OR_JWD_16_M
index_9nt_42,ttctcataa,FRALAT_OR_JWD_8_M
index_10nt_151,ataagaacca,FRALAT_OR_JWD_23_M
index_8nt_43,acgttcga,FRALAT_CA_IND_8
index_9nt_43,gatagataa,FRALAT_CA_IND_16
index_10nt_152,cctcgaacca,FRALAT_CA_CHI_4
index_8nt_44,tataagga,FRALAT_CA_CHI_12
index_9nt_44,ccaggataa,FRALAT_CA_CHI_20
index_10nt_153,gtcctaacca,FRALAT_OR_JSN_20_M
index_8nt_45,ctgatgga,FRALAT_OR_JSN_3_F
index_9nt_45,gcgctataa,FRALAT_OR_JSN_10_M
index_10nt_155,ctgcagacca,FRALAT_OR_JSN_18_M
index_8nt_46,tggactga,FRALAT_OR_JWD_15_M
index_9nt_46,agattataa,FRALAT_OR_JWD_7_M
index_10nt_162,cttattacca,FRALAT_CA_IND_1
index_8nt_47,actgaata,FRALAT_CA_IND_9
index_9nt_47,gtaacctaa,FRALAT_CA_IND_17
index_10nt_164,accgttacca,FRALAT_CA_CHI_5
index_8nt_48,tagtaata,FRALAT_CA_CHI_13
index_9nt_48,cagtcctaa,FRALAT_CA_KLA_1
index_10nt_165,cagagagcca,FRALAT_OR_JSN_21_F
index_8nt_49,gtagcata,FRALAT_OR_JSN_1_M
index_9nt_49,acctagtaa,FRALAT_OR_JSN_12_F
index_10nt_167,cattacgcca,FRALAT_OR_JWD_22_M
index_8nt_50,atccgata,FRALAT_OR_JWD_14_M
index_9nt_50,tggacgtaa,FRALAT_OR_JWD_6_M
index_10nt_173,ctatcggcca,FRALAT_CA_IND_2
index_8nt_51,gccttata,FRALAT_CA_IND_10
index_9nt_51,gctgcgtaa,FRALAT_CA_IND_18
index_10nt_176,tgagctgcca,FRALAT_CA_CHI_6
index_8nt_52,tgctgcta,FRALAT_CA_CHI_14
index_9nt_52,ctcaggtaa,FRALAT_CA_KLA_2
index_10nt_185,acctcgtcca,FRALAT_OR_JSN_22_M
index_8nt_53,ccagtcta,FRALAT_OR_JSN_4_F
index_9nt_53,taacggtaa,FRALAT_OR_JSN_11_M
index_10nt_188,cgaggaagca,FRALAT_OR_JWD_21_M
index_8nt_54,atatagta,FRALAT_OR_JWD_13_M
index_9nt_54,aatccttaa,FRALAT_OR_JWD_5_M
index_8nt_55,aagaggta,FRALAT_CA_IND_3
index_10nt_191,aggcgcagca,FRALAT_CA_IND_11
index_8nt_56,ttcaatta,FRALAT_CA_IND_19
index_10nt_192,catctcagca,FRALAT_CA_CHI_7
index_8nt_57,ccgcgtta,FRALAT_CA_CHI_15
index_9nt_57,ggttaacca,FRALAT_CA_KLA_3
index_10nt_195,aattggagca,FRALAT_OR_JSN_23_F
index_8nt_58,cctccaac,FRALAT_OR_JSN_5_F
index_9nt_58,gtcagacca,FRALAT_OR_JSN_13_M
index_10nt_200,caggaacgca,FRALAT_OR_JWD_20_M
index_8nt_59,ttgcgaac,FRALAT_OR_JWD_12_M
index_9nt_59,agacgacca,FRALAT_OR_JWD_4_M
index_10nt_211,aactctcgca,FRALAT_CA_IND_4
index_9nt_60,cctatacca,FRALAT_CA_IND_12
index_10nt_213,aatgcaggca,FRALAT_CA_IND_20
index_8nt_61,acctgaac,FRALAT_CA_CHI_8
index_9nt_61,cttgagcca,FRALAT_CA_CHI_16
index_10nt_215,ttggacggca,FRALAT_CA_KLA_4
index_8nt_62,aatataac,FRALAT_OR_JSN_24_F
index_9nt_62,actccgcca,FRALAT_OR_JSN_6_M
index_10nt_218,ttaattggca,FRALAT_OR_JSN_14_M
index_8nt_63,gcggtaac,FRALAT_OR_JWD_19_F
index_9nt_63,ggagcgcca,FRALAT_OR_JWD_11_M
index_10nt_221,cataattgca,FRALAT_OR_JWD_3_M
index_8nt_64,cttaagac,FRALAT_CA_IND_5
index_9nt_64,cggaggcca,FRALAT_CA_IND_13
index_10nt_222,agaacttgca,FRALAT_CA_CHI_1
index_8nt_65,gacgagac,FRALAT_CA_CHI_9
index_9nt_65,ataatgcca,FRALAT_CA_CHI_17
index_10nt_225,caattaatca,FRALAT_CA_KLA_5
index_8nt_66,aggacgac,FRALAT_OR_JSN_25_F
index_9nt_66,gcgttgcca,FRALAT_OR_JSN_7_F
index_10nt_227,ttatgcatca,FRALAT_OR_JSN_15_M
index_8nt_67,tattggac,FRALAT_OR_JWD_18_M
index_9nt_67,tagactcca,FRALAT_OR_JWD_10_M
index_10nt_231,tattctatca,FRALAT_OR_JWD_2_M
index_8nt_68,cgcttgac,FRALAT_CA_IND_6
index_9nt_68,gatcgtcca,FRALAT_CA_IND_14
index_10nt_239,gcttgcctca,FRALAT_CA_CHI_2
index_8nt_69,taggctac,FRALAT_CA_CHI_10
index_9nt_69,ctccttcca,FRALAT_CA_CHI_18
index_10nt_243,agcatgctca,FRALAT_CA_KLA_6
index_8nt_70,gtcattac,FRALAT_CA_KLA_7
index_10nt_244,actaatctca,FRALAT_CA_KLA_15
index_8nt_71,caacttac,FRALAT_CA_SGR_3
index_9nt_71,aactcagca,FRALAT_CA_SGR_12
index_10nt_249,attcgcgtca,FRALAT_CA_KRL_7
index_8nt_72,gatcaacc,FRALAT_CA_KRL_15
index_9nt_72,gaaggagca,FRALAT_CA_SNF_12
index_10nt_251,tccaaggtca,FRALAT_CA_SNF_20
index_8nt_73,gcaagacc,FRALAT_CA_SNF_28
index_9nt_73,atggtagca,FRALAT_CA_AKR_6
index_10nt_253,catatggtca,FRALAT_CA_AKR_14
index_8nt_74,agccagcc,FRALAT_CA_SIE_7
index_9nt_74,cgtaacgca,FRALAT_CA_KLA_8
index_10nt_256,ggcgtattca,FRALAT_CA_KLA_16
index_8nt_75,ccagagcc,FRALAT_CA_SGR_4
index_9nt_75,gtctacgca,FRALAT_CA_SGR_13
index_10nt_260,cgaaccaaga,FRALAT_CA_KRL_8
index_8nt_76,ttatcgcc,FRALAT_CA_KRL_16
index_9nt_76,acgaccgca,FRALAT_CA_SNF_13
index_8nt_77,tcgatgcc,FRALAT_CA_SNF_21
index_9nt_77,agcctcgca,FRALAT_CA_SNF_29
index_10nt_262,acgtccaaga,FRALAT_CA_AKR_7
index_8nt_78,cagtatcc,FRALAT_CA_AKR_15
index_9nt_78,ccagtcgca,FRALAT_CA_SIE_8
index_8nt_79,actactcc,FRALAT_CA_KLA_9
index_9nt_79,tggcaggca,FRALAT_CA_KLA_17
index_10nt_264,atactcaaga,FRALAT_CA_SGR_5
index_8nt_80,ggacctcc,FRALAT_CA_KRL_1
index_9nt_80,gatacggca,FRALAT_CA_KRL_9
index_10nt_265,cagaagaaga,FRALAT_CA_KRL_17
index_8nt_81,ctcggtcc,FRALAT_CA_SNF_14
index_9nt_81,tccgctgca,FRALAT_CA_SNF_22
index_10nt_274,aggattaaga,FRALAT_CA_SNF_30
index_8nt_82,ggcgcagc,FRALAT_CA_AKR_8
index_9nt_82,cggtctgca,FRALAT_CA_SIE_1
index_10nt_290,agataagaga,FRALAT_CA_SIE_9
index_8nt_83,ccattagc,FRALAT_CA_KLA_10
index_9nt_83,cgcgcatca,FRALAT_CA_KLA_18
index_10nt_302,tatacggaga,FRALAT_CA_SGR_6
index_8nt_84,cgcaacgc,FRALAT_CA_KRL_2
index_9nt_84,ttgcgatca,FRALAT_CA_KRL_10
index_10nt_306,cgcgaataga,FRALAT_CA_KRL_18
index_8nt_85,atagacgc,FRALAT_CA_SNF_15
index_9nt_85,acttgatca,FRALAT_CA_SNF_23
index_10nt_312,ttcagctaga,FRALAT_CA_AKR_1
index_8nt_86,gcttacgc,FRALAT_CA_AKR_9
index_9nt_86,agagactca,FRALAT_CA_SIE_2
index_10nt_320,tcaacgacga,FRALAT_CA_SIE_10
index_8nt_87,gagaccgc,FRALAT_CA_KLA_11
index_9nt_87,gccggctca,FRALAT_CA_KLA_19
index_10nt_336,ctctgatcga,FRALAT_CA_SGR_7
index_8nt_88,gttccggc,FRALAT_CA_KRL_3
index_9nt_88,ctatgctca,FRALAT_CA_KRL_11
index_10nt_340,attggaagga,FRALAT_CA_KRL_19
index_8nt_89,aactcggc,FRALAT_CA_SNF_16
index_9nt_89,gagatctca,FRALAT_CA_SNF_24
index_10nt_345,caggttagga,FRALAT_CA_AKR_2
index_8nt_90,ctaactgc,FRALAT_CA_AKR_10
index_9nt_90,ggcaagtca,FRALAT_CA_SIE_3
index_8nt_91,atgcttgc,FRALAT_CA_SIE_11
index_9nt_91,ccgaattca,FRALAT_CA_KLA_12
index_10nt_355,atatgctgga,FRALAT_CA_KLA_20
index_8nt_92,cggcaatc,FRALAT_CA_SGR_9
index_9nt_92,gaatattca,FRALAT_CA_KRL_4
index_10nt_356,ggaatctgga,FRALAT_CA_KRL_12
index_8nt_93,ctctcatc,FRALAT_CA_KRL_20
index_10nt_357,agtcattgga,FRALAT_CA_SNF_17
index_8nt_94,ggttgatc,FRALAT_CA_SNF_25
index_10nt_363,tagcatatga,FRALAT_CA_AKR_3
index_8nt_95,catgactc,FRALAT_CA_AKR_11
index_9nt_95,ggctcaaga,FRALAT_CA_SIE_4
index_10nt_370,ttatatctga,FRALAT_CA_SIE_12
index_8nt_96,acggcctc,FRALAT_CA_KLA_13
index_10nt_371,ccagttctga,FRALAT_CA_SGR_1
index_8nt_97,attagctc,FRALAT_CA_SGR_10
index_9nt_97,aatcgaaga,FRALAT_CA_KRL_5
index_10nt_373,cggtccttga,FRALAT_CA_KRL_13
index_8nt_98,tgactctc,FRALAT_CA_SNF_10
index_9nt_98,ctcataaga,FRALAT_CA_SNF_18
index_10nt_376,acgccgttga,FRALAT_CA_SNF_26
index_8nt_99,gcgaattc,FRALAT_CA_AKR_4
index_9nt_99,gaggtaaga,FRALAT_CA_AKR_12
index_10nt_379,tgcggcaata,FRALAT_CA_SIE_5
index_8nt_100,gattcaag,FRALAT_CA_SIE_13
index_9nt_100,cgaaccaga,FRALAT_CA_KLA_14
index_10nt_402,gccgacgata,FRALAT_CA_SGR_2
index_8nt_101,ctaataag,FRALAT_CA_SGR_11
index_9nt_101,gtccgcaga,FRALAT_CA_KRL_6
index_10nt_412,tataactata,FRALAT_CA_KRL_14
index_8nt_102,acgagcag,FRALAT_CA_SNF_11
index_9nt_102,cctggcaga,FRALAT_CA_SNF_19
index_10nt_420,ccgcctacta,FRALAT_CA_SNF_27
index_8nt_103,ggcggcag,FRALAT_CA_AKR_5
index_9nt_103,aacttcaga,FRALAT_CA_AKR_13
index_10nt_422,tgagtaccta,FRALAT_CA_SIE_6
index_8nt_104,tctacgag,FRALAT_CA_SIE_14
index_9nt_104,acgaagaga,FRALAT_CA_SIE_15
index_10nt_423,ctaaggccta,FRALAT_CA_MRY_6
index_9nt_105,ggtcagaga,FRALAT_CA_MRY_14
index_10nt_426,cctatagcta,FRALAT_CA_RRR_2
index_8nt_106,aaccggag,FRALAT_CA_RRR_10
index_9nt_106,caatggaga,FRALAT_CA_RRR_18
index_10nt_429,caaggatcta,FRALAT_CA_CNR_6
index_8nt_107,cgatatag,FRALAT_CA_CNR_14
index_9nt_107,taagataga,FRALAT_CA_BRN_2
index_10nt_431,cgcctatcta,FRALAT_CA_BRN_10
index_8nt_108,actcttag,FRALAT_CA_BRN_18
index_9nt_108,acttctaga,FRALAT_CA_EEL_6
index_10nt_432,tcctactcta,FRALAT_CA_SIE_16
index_8nt_109,cggagacg,FRALAT_CA_MRY_7
index_9nt_109,agacttaga,FRALAT_CA_MRY_15
index_10nt_433,ttggtctcta,FRALAT_CA_RRR_3
index_8nt_110,gtctgacg,FRALAT_CA_RRR_11
index_9nt_110,aggatacga,FRALAT_CA_RRR_19
index_10nt_435,agaccgtcta,FRALAT_CA_CNR_7
index_8nt_111,accatacg,FRALAT_CA_CNR_15
index_9nt_111,taactacga,FRALAT_CA_BRN_3
index_10nt_440,agcgatagta,FRALAT_CA_BRN_11
index_8nt_112,gaagtacg,FRALAT_CA_BRN_19
index_9nt_112,tattaccga,FRALAT_CA_EEL_7
index_10nt_441,ctacttagta,FRALAT_CA_SIE_17
index_8nt_113,ggtaaccg,FRALAT_CA_MRY_8
index_9nt_113,cgcgtccga,FRALAT_CA_MRY_16
index_10nt_446,taagccggta,FRALAT_CA_RRR_4
index_8nt_114,ctggtccg,FRALAT_CA_RRR_12
index_9nt_114,gacgagcga,FRALAT_CA_RRR_20
index_10nt_447,gtcgctggta,FRALAT_CA_CNR_8
index_8nt_115,atgaagcg,FRALAT_CA_CNR_16
index_9nt_115,cgttcgcga,FRALAT_CA_BRN_4
index_10nt_448,tggtctggta,FRALAT_CA_BRN_12
index_8nt_116,agttcgcg,FRALAT_CA_BRN_20
index_9nt_116,tctaggcga,FRALAT_CA_EEL_8
index_10nt_449,cgcattggta,FRALAT_CA_MRY_1
index_8nt_117,catatgcg,FRALAT_CA_MRY_9
index_9nt_117,atgcggcga,FRALAT_CA_MRY_17
index_10nt_451,tccgcgatta,FRALAT_CA_RRR_5
index_8nt_118,gttgaagg,FRALAT_CA_RRR_13
index_9nt_118,atctatcga,FRALAT_CA_CNR_1
index_10nt_453,tgccgactta,FRALAT_CA_CNR_9
index_8nt_119,tcctcagg,FRALAT_CA_CNR_17
index_9nt_119,ctaagtcga,FRALAT_CA_BRN_5
index_10nt_456,gttgcgctta,FRALAT_CA_BRN_13
index_8nt_120,cgtctagg,FRALAT_CA_EEL_1
index_9nt_120,gttgaagga,FRALAT_CA_EEL_9
index_10nt_457,cctcggctta,FRALAT_CA_MRY_2
index_8nt_121,agaaccgg,FRALAT_CA_MRY_10
index_9nt_121,cagagagga,FRALAT_CA_MRY_18
index_10nt_458,tcattgctta,FRALAT_CA_RRR_6
index_8nt_122,aatggcgg,FRALAT_CA_RRR_14
index_9nt_122,cgtctagga,FRALAT_CA_CNR_2
index_10nt_459,ggacctctta,FRALAT_CA_CNR_10
index_8nt_123,gtattcgg,FRALAT_CA_CNR_18
index_9nt_123,tacggcgga,FRALAT_CA_BRN_6
index_10nt_460,acgtctctta,FRALAT_CA_BRN_14
index_8nt_124,cagcctgg,FRALAT_CA_EEL_2
index_9nt_124,agatgcgga,FRALAT_CA_EEL_10
index_10nt_461,ggagaagtta,FRALAT_CA_MRY_3
index_8nt_125,atcgctgg,FRALAT_CA_MRY_11
index_9nt_125,gctatcgga,FRALAT_CA_MRY_19
index_10nt_462,ctaaccgtta,FRALAT_CA_RRR_7
index_8nt_126,tgagttgg,FRALAT_CA_RRR_15
index_10nt_464,ttcttcgtta,FRALAT_CA_CNR_3
index_8nt_127,taaccatg,FRALAT_CA_CNR_11
index_9nt_127,agccaatga,FRALAT_CA_CNR_19
index_10nt_465,actacggtta,FRALAT_CA_BRN_7
index_8nt_128,acctactg,FRALAT_CA_BRN_15
index_9nt_128,tcataatga,FRALAT_CA_EEL_3
index_10nt_466,gaactggtta,FRALAT_CA_EEL_11
index_9nt_129,ttcaactga,FRALAT_CA_MRY_4
index_10nt_467,ttcaaccaac,FRALAT_CA_MRY_12
index_8nt_130,gttacttg,FRALAT_CA_MRY_20
index_9nt_130,atgacttga,FRALAT_CA_RRR_8
index_10nt_468,aaggaccaac,FRALAT_CA_RRR_16
index_8nt_131,agcgtaat,FRALAT_CA_CNR_4
index_9nt_131,cggcgttga,FRALAT_CA_CNR_12
index_10nt_469,ggaggccaac,FRALAT_CA_CNR_20
index_8nt_132,cagttaat,FRALAT_CA_BRN_8
index_9nt_132,gaaccaata,FRALAT_CA_BRN_16
index_10nt_472,gtctcgcaac,FRALAT_CA_EEL_4
index_8nt_133,acttccat,FRALAT_CA_EEL_12
index_9nt_133,agcagaata,FRALAT_CA_MRY_5
index_10nt_473,ctacggcaac,FRALAT_CA_MRY_13
index_8nt_134,gcgcggat,FRALAT_CA_RRR_1
index_9nt_134,tggctaata,FRALAT_CA_RRR_9
index_8nt_135,cgtcgtat,FRALAT_CA_RRR_17
index_9nt_135,ccattaata,FRALAT_CA_CNR_5
index_10nt_482,agccaagaac,FRALAT_CA_CNR_13
index_8nt_136,acgtaact,FRALAT_CA_BRN_1
index_9nt_136,ttgaccata,FRALAT_CA_BRN_9
index_10nt_484,ttggcagaac,FRALAT_CA_BRN_17
index_8nt_137,gttatact,FRALAT_CA_EEL_5
index_9nt_137,aatgccata,FRALAT_CA_EEL_13
index_8nt_138,ctctagct,FRALAT_CA_EEL_14
index_9nt_138,ggaggcata,FRALAT_CA_HUM_2
index_10nt_496,aagccataac,FRALAT_CA_HUM_10
index_8nt_139,tggcatct,FRALAT_CA_HUM_18
index_9nt_139,aaccagata,FRALAT_CA_MAD_6
index_10nt_499,actaactaac,FRALAT_CA_MAD_14
index_8nt_140,gaatgagt,FRALAT_CA_SRF_2
index_9nt_140,cttccgata,FRALAT_CA_SRF_10
index_10nt_501,tagagctaac,FRALAT_CA_SRF_18
index_8nt_141,gccgtcgt,FRALAT_OR_CCR_6
index_9nt_141,tcagcgata,FRALAT_OR_CCR_14
index_10nt_506,gtatcaagac,FRALAT_OR_CCS_2
index_8nt_142,ccggcggt,FRALAT_CA_EEL_15
index_9nt_142,aggtcgata,FRALAT_CA_HUM_3
index_10nt_509,attagcagac,FRALAT_CA_HUM_11
index_8nt_143,actatggt,FRALAT_CA_HUM_19
index_9nt_143,gcgcggata,FRALAT_CA_MAD_7
index_10nt_512,cgtcggagac,FRALAT_CA_MAD_15
index_8nt_144,agaagatt,FRALAT_CA_SRF_3
index_9nt_144,gtcttgata,FRALAT_CA_SRF_11
index_10nt_524,tactatcgac,FRALAT_CA_SRF_19
index_9nt_145,gataatata,FRALAT_OR_CCR_7
index_10nt_532,tccgttggac,FRALAT_OR_CCR_15
index_8nt_146,ggatcctt,FRALAT_OR_CCS_3
index_9nt_146,tcgtatata,FRALAT_CA_EEL_16
index_10nt_538,aacctctgac,FRALAT_CA_HUM_4
index_8nt_147,caacgctt,FRALAT_CA_HUM_12
index_9nt_147,ctcggtata,FRALAT_CA_HUM_20
index_10nt_565,ttaatggtac,FRALAT_CA_MAD_8
index_8nt_148,ggtcagtt,FRALAT_CA_MAD_16
index_9nt_148,ttatgacta,FRALAT_CA_SRF_4
index_10nt_566,ttcggattac,FRALAT_CA_SRF_12
index_8nt_149,attgcgtt,FRALAT_CA_SRF_20
index_9nt_149,gttctacta,FRALAT_OR_CCR_8
index_10nt_567,taagacttac,FRALAT_OR_CCR_16
index_9nt_150,catagccta,FRALAT_OR_CCS_4
index_10nt_568,agttagttac,FRALAT_CA_EEL_17
index_9nt_151,gaattccta,FRALAT_CA_HUM_5
index_10nt_570,atatccaacc,FRALAT_CA_HUM_13
index_9nt_152,agtcatcta,FRALAT_CA_MAD_1
index_10nt_600,tcagcgtacc,FRALAT_CA_MAD_9
index_9nt_153,gcctctcta,FRALAT_CA_MAD_17
index_9nt_154,tgcattcta,FRALAT_CA_SRF_5
index_10nt_606,cagataagcc,FRALAT_CA_SRF_13
index_9nt_155,aaggttcta,FRALAT_OR_CCR_1
index_10nt_610,ccttctagcc,FRALAT_OR_CCR_9
index_9nt_156,ccttccgta,FRALAT_OR_CCR_17
index_10nt_615,tctcgccgcc,FRALAT_OR_CCS_5
index_9nt_157,atagaggta,FRALAT_CA_EEL_18
index_10nt_622,ccaggtcgcc,FRALAT_CA_HUM_6
index_9nt_158,cagtaggta,FRALAT_CA_HUM_14
index_10nt_623,taacttcgcc,FRALAT_CA_MAD_2
index_9nt_159,cgctactta,FRALAT_CA_MAD_10
index_10nt_631,ttctctggcc,FRALAT_CA_MAD_18
index_9nt_160,attcgctta,FRALAT_CA_SRF_6
index_10nt_632,gctgactgcc,FRALAT_CA_SRF_14
index_9nt_161,accatctta,FRALAT_OR_CCR_2
index_10nt_633,ctctactgcc,FRALAT_OR_CCR_10
index_9nt_162,aagaggtta,FRALAT_OR_CCR_18
index_10nt_634,aattcctgcc,FRALAT_OR_CCS_6
index_9nt_163,ggttggtta,FRALAT_CA_EEL_19
index_10nt_635,agagtctgcc,FRALAT_CA_HUM_7
index_9nt_164,gcgaccaac,FRALAT_CA_HUM_15
index_10nt_637,tgcgattgcc,FRALAT_CA_MAD_3
index_9nt_165,ttacgcaac,FRALAT_CA_MAD_11
index_10nt_639,tctgccatcc,FRALAT_CA_MAD_19
index_9nt_166,gactgcaac,FRALAT_CA_SRF_7
index_10nt_641,ctgctcatcc,FRALAT_CA_SRF_15
index_10nt_643,agattgatcc,FRALAT_OR_CCR_3
index_9nt_168,cgtaagaac,FRALAT_OR_CCR_11
index_10nt_645,aatattatcc,FRALAT_OR_CCR_19
index_9nt_169,gtcgagaac,FRALAT_OR_CCS_7
index_10nt_646,atggaactcc,FRALAT_CA_EEL_20
index_9nt_170,caaccgaac,FRALAT_CA_HUM_8
index_10nt_647,taataactcc,FRALAT_CA_HUM_16
index_9nt_171,atgaggaac,FRALAT_CA_MAD_4
index_10nt_650,tggcggctcc,FRALAT_CA_MAD_12
index_9nt_172,gctctgaac,FRALAT_CA_MAD_20
index_10nt_651,cgcagtctcc,FRALAT_CA_SRF_8
index_9nt_173,tgattgaac,FRALAT_CA_SRF_16
index_9nt_174,acggataac,FRALAT_OR_CCR_4
index_10nt_655,taggcggtcc,FRALAT_OR_CCR_12
index_9nt_175,tggcctaac,FRALAT_OR_CCR_20
index_10nt_656,gacttggtcc,FRALAT_OR_CCS_8
index_9nt_176,cttgctaac,FRALAT_CA_HUM_1
index_10nt_658,gtattattcc,FRALAT_CA_HUM_9
index_9nt_177,ccaattaac,FRALAT_CA_HUM_17
index_10nt_659,tgcttcttcc,FRALAT_CA_MAD_5
index_9nt_178,ctataagac,FRALAT_CA_MAD_13
index_10nt_661,gtcgcgttcc,FRALAT_CA_SRF_1
index_9nt_179,tctccagac,FRALAT_CA_SRF_9
index_10nt_662,gttcgcaagc,FRALAT_CA_SRF_17
index_9nt_180,accggagac,FRALAT_OR_CCR_5
index_10nt_663,ccattcaagc,FRALAT_OR_CCR_13
index_9nt_181,gttatagac,FRALAT_OR_CCS_1
index_10nt_666,cgcaataagc,FRALAT_OR_CCS_9
index_9nt_182,agtcgcgac,FRALAT_OR_CCS_10
index_10nt_667,gaggctaagc,FRALAT_OR_CCS_18
index_9nt_183,ctcctcgac,FRALAT_OR_ROG_6
index_10nt_668,agacgtaagc,FRALAT_OR_ROG_14
index_9nt_184,acgttcgac,FRALAT_OR_CHE_2
index_10nt_669,ggtccgcagc,FRALAT_OR_CHE_10
index_9nt_185,gattaggac,FRALAT_OR_CHE_18
index_10nt_670,actaggcagc,FRALAT_OR_ILL_6
index_9nt_186,ttagcggac,FRALAT_OR_ILL_14
index_10nt_675,tggctagagc,FRALAT_OR_ELK_2
index_9nt_187,agctcggac,FRALAT_OR_ELK_10
index_10nt_676,gatgacgagc,FRALAT_OR_ELK_18
index_9nt_188,tagctggac,FRALAT_OR_CCS_11
index_10nt_679,aggacggagc,FRALAT_OR_CCS_19
index_9nt_189,gaggctgac,FRALAT_OR_ROG_7
index_10nt_685,gcatggtagc,FRALAT_OR_ROG_15
index_9nt_190,agagttgac,FRALAT_OR_CHE_3
index_10nt_692,gtctagacgc,FRALAT_OR_CHE_11
index_9nt_191,tgcagatac,FRALAT_OR_CHE_19
index_10nt_694,tatctgacgc,FRALAT_OR_ILL_7
index_9nt_192,gaagtatac,FRALAT_OR_ILL_15
index_10nt_696,tgcggtacgc,FRALAT_OR_ELK_3
index_9nt_193,cgagcctac,FRALAT_OR_ELK_11
index_10nt_702,ttgaagccgc,FRALAT_OR_ELK_19
index_9nt_194,cctagctac,FRALAT_OR_CCS_12
index_10nt_710,ccggcagcgc,FRALAT_OR_CCS_20
index_9nt_195,aggcagtac,FRALAT_OR_ROG_8
index_10nt_712,agcaacgcgc,FRALAT_OR_ROG_16
index_9nt_196,ttgaattac,FRALAT_OR_CHE_4
index_10nt_713,gcaaccgcgc,FRALAT_OR_CHE_12
index_9nt_197,taatcttac,FRALAT_OR_CHE_20
index_10nt_717,gaatatgcgc,FRALAT_OR_ILL_8
index_9nt_198,atccgttac,FRALAT_OR_ILL_16
index_10nt_724,tacgcgtcgc,FRALAT_OR_ELK_4
index_9nt_199,aagccaacc,FRALAT_OR_ELK_12
index_10nt_725,acgtcttcgc,FRALAT_OR_ELK_20
index_9nt_200,ccttcaacc,FRALAT_OR_CCS_13
index_10nt_726,catggttcgc,FRALAT_OR_ROG_1
index_9nt_201,cgaagaacc,FRALAT_OR_ROG_9
index_10nt_727,ttacgaaggc,FRALAT_OR_ROG_17
index_9nt_202,attggaacc,FRALAT_OR_CHE_5
index_10nt_730,gaagtcaggc,FRALAT_OR_CHE_13
index_9nt_203,tatataacc,FRALAT_OR_ILL_1
index_10nt_734,atccgccggc,FRALAT_OR_ILL_9
index_9nt_204,gtattaacc,FRALAT_OR_ILL_17
index_10nt_735,catatccggc,FRALAT_OR_ELK_5
index_9nt_205,accgcgacc,FRALAT_OR_ELK_13
index_10nt_736,tatgagcggc,FRALAT_OR_FLO_1
index_9nt_206,atcaatacc,FRALAT_OR_CCS_14
index_10nt_738,gcctctcggc,FRALAT_OR_ROG_2
index_9nt_207,agatctacc,FRALAT_OR_ROG_10
index_10nt_739,cgaagatggc,FRALAT_OR_ROG_18
index_9nt_208,gagagtacc,FRALAT_OR_CHE_6
index_10nt_740,ggagcttggc,FRALAT_OR_CHE_14
index_9nt_209,ttggttacc,FRALAT_OR_ILL_2
index_10nt_743,gcgcggatgc,FRALAT_OR_ILL_10
index_10nt_744,ttgattatgc,FRALAT_OR_ILL_18
index_9nt_211,gcgtaagcc,FRALAT_OR_ELK_6
index_10nt_745,gcgttactgc,FRALAT_OR_ELK_14
index_9nt_212,catcgagcc,FRALAT_OR_FLO_2
index_10nt_747,ggtagcctgc,FRALAT_OR_CCS_15
index_9nt_213,aaggacgcc,FRALAT_OR_ROG_3
index_10nt_748,ttagcgctgc,FRALAT_OR_ROG_11
index_9nt_214,ggaaccgcc,FRALAT_OR_ROG_19
index_10nt_749,catcctctgc,FRALAT_OR_CHE_7
index_9nt_215,ctgaaggcc,FRALAT_OR_CHE_15
index_10nt_751,aaccaattgc,FRALAT_OR_ILL_3
index_9nt_216,gccatggcc,FRALAT_OR_ILL_11
index_10nt_752,gattcattgc,FRALAT_OR_ILL_19
index_9nt_217,cgactggcc,FRALAT_OR_ELK_7
index_10nt_753,atctccttgc,FRALAT_OR_ELK_15
index_9nt_218,actcatgcc,FRALAT_OR_FLO_3
index_10nt_754,tcaagcttgc,FRALAT_OR_CCS_16
index_9nt_219,ggtccatcc,FRALAT_OR_ROG_4
index_10nt_756,atgaggttgc,FRALAT_OR_ROG_12
index_9nt_220,acgatatcc,FRALAT_OR_ROG_20
index_10nt_758,tggtccaatc,FRALAT_OR_CHE_8
index_9nt_221,gttaactcc,FRALAT_OR_CHE_16
index_10nt_765,gagaatcatc,FRALAT_OR_ILL_4
index_9nt_222,atctcctcc,FRALAT_OR_ILL_12
index_10nt_768,ctcctagatc,FRALAT_OR_ILL_20
index_9nt_223,gaacgctcc,FRALAT_OR_ELK_8
index_10nt_769,tcttacgatc,FRALAT_OR_ELK_16
index_10nt_770,aatatggatc,FRALAT_OR_FLO_4
index_9nt_225,cggttctcc,FRALAT_OR_CCS_17
index_10nt_773,tattgatatc,FRALAT_OR_ROG_5
index_9nt_226,caagagtcc,FRALAT_OR_ROG_13
index_10nt_774,ggcatatatc,FRALAT_OR_CHE_1
index_9nt_227,ccgccgtcc,FRALAT_OR_CHE_9
index_10nt_776,acttcgtatc,FRALAT_OR_CHE_17
index_9nt_228,tcaaggtcc,FRALAT_OR_ILL_5
index_10nt_783,gaccatactc,FRALAT_OR_ILL_13
index_9nt_229,cgccattcc,FRALAT_OR_ELK_1
index_10nt_784,ttatatactc,FRALAT_OR_ELK_9
index_9nt_230,ctaacttcc,FRALAT_OR_ELK_17
index_9nt_231,agtagttcc,FRALAT_OR_FLO_5